{
  "robots": [
    {
      "x": 1,
      "y": 1,
      "_prev_x": 1,
      "_prev_y": 1,
      "_prev_orientation": 0,
      "objects": {},
      "_orientation": 0,
      "_is_leaky": true,
      "_trace_history": [],
      "_trace_style": "default",
      "_trace_color": "seagreen",
      "__id": 4,
      "model": "classic",
      "possible_initial_positions": [
        [
          1,
          1
        ]
      ]
    }
  ],
  "walls": {},
  "description": "Put down a token in the geometrical center of the following world. You are guaranteed that the width of the world will be an odd number, and that it will only be one unit tall.",
  "small_tiles": false,
  "rows": 5,
  "cols": 1,
  "pre": "think(0)\nimport random\nwidth = 2\nwhile width % 2 == 0:\n    width = random.randint(3, 15)\nheight = 1\n\nRUR.set_world_size(width, height)\nRUR.fill_background(\"grass\")\nRUR.give_object_to_robot(\"token\",99)\n\n#Find Target Location\ntarget_x = (width//2)+1\ntarget_y = (height//2)+1\n\n\noptions = {'goal' : True}\nRUR.add_object(\"token\", target_x, target_y, options)\n"
}