{
  "robots": [
    {
      "x": 1,
      "y": 1,
      "_prev_x": 1,
      "_prev_y": 1,
      "_prev_orientation": 0,
      "objects": {
        "square": "infinite"
      },
      "_orientation": 0,
      "_is_leaky": true,
      "_trace_history": [],
      "_trace_style": "default",
      "_trace_color": "seagreen",
      "__id": 6,
      "model": "classic"
    }
  ],
  "walls": {},
  "description": "Reeborg has a pile of squares somewhere in front of it, but wants more! Two times more, to be precise. Reeborg is carrying a large number of squares, which you can use to help build the larger pile it wants. Create a pile of squares with exactly two times as many squares. You will always build the bigger pile one square to the right of where you find the initial pile.",
  "small_tiles": false,
  "rows": 1,
  "cols": 7,
  "pre": "\nimport random\nx = random.randint(2, 6)\ninitial_stack = random.randint(1,25)\ndoubled_amount = initial_stack * 2\noptions = {'number': initial_stack}\nRUR.add_object(\"square\", x, 1, options)\noptions = {'goal' : True, 'number': doubled_amount}\nRUR.add_object(\"square\", x+1, 1, options)",
  "tiles": {
    "1,1": [
      "grass"
    ],
    "2,1": [
      "grass"
    ],
    "3,1": [
      "grass"
    ],
    "4,1": [
      "grass"
    ],
    "5,1": [
      "grass"
    ],
    "6,1": [
      "grass"
    ],
    "7,1": [
      "grass"
    ]
  }
}