{
  "robots": [
    {
      "x": 1,
      "y": 1,
      "objects": {},
      "model": "classic",
      "_orientation": 0,
      "_is_leaky": true,
      "_prev_x": 1,
      "_prev_y": 1,
      "_prev_orientation": 0,
      "_trace_history": [],
      "_trace_style": "default",
      "_trace_color": "seagreen",
      "__id": 17,
      "possible_initial_positions": [
        [
          1,
          1
        ]
      ]
    }
  ],
  "walls": {},
  "description": "Give Reeborg the appropriate instructions to make him pick up the dandelions, put them in the garbage, and return home!",
  "small_tiles": false,
  "rows": 1,
  "cols": 6,
  "goal": {
    "objects": {
      "2,1": {},
      "3,1": {},
      "4,1": {},
      "5,1": {
        "dandelion": 3
      }
    },
    "possible_final_positions": [
      [
        6,
        1
      ]
    ],
    "position": {
      "image": "house",
      "x": 6,
      "y": 1
    }
  },
  "objects": {
    "2,1": {
      "dandelion": 1
    },
    "3,1": {
      "dandelion": 1
    },
    "4,1": {
      "dandelion": 1
    }
  }
}