{
  "description": "Reeborg has lost it’s lunchbox. Reeborg was playing in a maze and set it down and then wandered around. Now Reeborg is hungry. The lunchbox is represented by the flag. Each time you press play, both the flag and Reeborg will begin in a random location. Write a program to help Reeborg find the lunchbox. The secret is to have Reeborg follow along the right edge of the maze, turning right if it can, going straight ahead if it can’t turn right, or turning left as a last resort. Write a program using an if..elif..else statement so Reeborg can have lunch.",
  "robots": [
    {
      "x": 3,
      "y": 3,
      "objects": {
        "token": "infinite"
      },
      "_orientation": -1,
      "_is_leaky": true,
      "_prev_x": 3,
      "_prev_y": 3,
      "_prev_orientation": -1,
      "_trace_history": [],
      "_trace_style": "default",
      "_trace_color": "seagreen",
      "__id": 13,
      "model": "classic",
      "possible_initial_positions": [
        [
          1,
          1
        ],
        [
          3,
          1
        ],
        [
          5,
          5
        ],
        [
          5,
          1
        ],
        [
          4,
          4
        ],
        [
          3,
          3
        ]
      ]
    }
  ],
  "walls": {
    "2,5": [
      "north"
    ],
    "1,5": [
      "north"
    ],
    "3,5": [
      "north"
    ],
    "4,5": [
      "north"
    ],
    "5,5": [
      "east",
      "north"
    ],
    "5,1": [
      "east"
    ],
    "5,3": [
      "east"
    ],
    "5,2": [
      "east"
    ],
    "5,4": [
      "east"
    ],
    "1,1": [
      "north"
    ],
    "2,1": [
      "east"
    ],
    "2,2": [
      "east",
      "north"
    ],
    "1,3": [
      "east"
    ],
    "3,2": [
      "north"
    ],
    "3,3": [
      "east",
      "north"
    ],
    "2,4": [
      "east"
    ],
    "3,4": [
      "north"
    ],
    "4,4": [
      "east"
    ],
    "4,3": [
      "east"
    ],
    "4,2": [
      "east"
    ],
    "4,1": [
      "north"
    ],
    "3,1": [
      "east"
    ]
  },
  "small_tiles": false,
  "rows": 5,
  "cols": 5,
  "goal": {
    "position": {
      "image": "racing_flag",
      "x": 2,
      "y": 5
    },
    "possible_final_positions": [
      [
        2,
        3
      ],
      [
        4,
        1
      ],
      [
        1,
        2
      ],
      [
        3,
        4
      ],
      [
        2,
        1
      ],
      [
        2,
        5
      ]
    ]
  },
  "tiles": {
    "1,1": [
      "gravel"
    ],
    "1,2": [
      "gravel"
    ],
    "1,3": [
      "gravel"
    ],
    "1,4": [
      "gravel"
    ],
    "1,5": [
      "gravel"
    ],
    "2,1": [
      "gravel"
    ],
    "2,2": [
      "gravel"
    ],
    "2,3": [
      "gravel"
    ],
    "2,4": [
      "gravel"
    ],
    "2,5": [
      "gravel"
    ],
    "3,1": [
      "gravel"
    ],
    "3,2": [
      "gravel"
    ],
    "3,3": [
      "gravel"
    ],
    "3,4": [
      "gravel"
    ],
    "3,5": [
      "gravel"
    ],
    "4,1": [
      "gravel"
    ],
    "4,2": [
      "gravel"
    ],
    "4,3": [
      "gravel"
    ],
    "4,4": [
      "gravel"
    ],
    "4,5": [
      "gravel"
    ],
    "5,1": [
      "gravel"
    ],
    "5,2": [
      "gravel"
    ],
    "5,3": [
      "gravel"
    ],
    "5,4": [
      "gravel"
    ],
    "5,5": [
      "gravel"
    ]
  }
}