{
  "robots": [
    {
      "x": 5,
      "y": 1,
      "_prev_x": 5,
      "_prev_y": 1,
      "_prev_orientation": 1,
      "objects": {},
      "_orientation": 1,
      "start_positions": [
        [
          1,
          1
        ]
      ],
      "_is_leaky": true,
      "_trace_history": [],
      "_trace_style": "default",
      "_trace_color": "seagreen",
      "__id": 49,
      "model": "classic",
      "possible_initial_positions": [
        [
          5,
          1
        ]
      ]
    }
  ],
  "description": "Reeborg wants to pick some strawberries in its garden. Reeborg’s garden has a very strange shape, as you can see. Define a pick_two_berries() function that picks up two strawberries and puts them on the ground. Use it four times as part of your solution. As always, be sure to use comments and whitespace to increase the readability of your solution!",
  "small_tiles": false,
  "rows": 10,
  "cols": 10,
  "walls": {
    "4,1": [
      "east",
      "north"
    ],
    "5,1": [
      "east"
    ],
    "3,1": [
      "north"
    ],
    "2,2": [
      "east"
    ],
    "3,2": [
      "north"
    ],
    "4,2": [
      "north"
    ],
    "5,2": [
      "east"
    ],
    "4,3": [
      "east",
      "north"
    ],
    "6,2": [
      "north"
    ],
    "7,2": [
      "north"
    ],
    "7,3": [
      "east",
      "north"
    ],
    "6,3": [
      "north"
    ],
    "5,4": [
      "east"
    ],
    "3,3": [
      "north"
    ],
    "2,4": [
      "east"
    ],
    "3,4": [
      "north"
    ],
    "4,4": [
      "north"
    ],
    "4,5": [
      "east"
    ],
    "6,4": [
      "north"
    ],
    "7,4": [
      "north"
    ],
    "7,5": [
      "east",
      "north"
    ],
    "6,5": [
      "north"
    ],
    "5,6": [
      "east"
    ],
    "4,6": [
      "east"
    ],
    "4,7": [
      "east"
    ],
    "5,7": [
      "east",
      "north"
    ]
  },
  "objects": {
    "4,2": {
      "strawberry": 1
    },
    "3,2": {
      "strawberry": 1
    },
    "6,3": {
      "strawberry": 1
    },
    "7,3": {
      "strawberry": 1
    },
    "3,4": {
      "strawberry": 1
    },
    "4,4": {
      "strawberry": 1
    },
    "6,5": {
      "strawberry": 1
    },
    "7,5": {
      "strawberry": 1
    }
  },
  "goal": {
    "possible_final_positions": [
      [
        5,
        7
      ]
    ],
    "position": {
      "image": "racing_flag",
      "x": 5,
      "y": 7
    },
    "objects": {
      "5,2": {
        "strawberry": 2
      },
      "5,3": {
        "strawberry": 2
      },
      "5,4": {
        "strawberry": 2
      },
      "5,5": {
        "strawberry": 2
      }
    }
  },
  "tiles": {
    "1,1": [
      "grass"
    ],
    "1,2": [
      "grass"
    ],
    "1,3": [
      "grass"
    ],
    "1,4": [
      "grass"
    ],
    "1,5": [
      "grass"
    ],
    "1,6": [
      "grass"
    ],
    "1,7": [
      "grass"
    ],
    "1,8": [
      "grass"
    ],
    "1,9": [
      "grass"
    ],
    "1,10": [
      "grass"
    ],
    "2,1": [
      "grass"
    ],
    "2,2": [
      "grass"
    ],
    "2,3": [
      "grass"
    ],
    "2,4": [
      "grass"
    ],
    "2,5": [
      "grass"
    ],
    "2,6": [
      "grass"
    ],
    "2,7": [
      "grass"
    ],
    "2,8": [
      "grass"
    ],
    "2,9": [
      "grass"
    ],
    "2,10": [
      "grass"
    ],
    "3,1": [
      "grass"
    ],
    "3,2": [
      "grass"
    ],
    "3,3": [
      "grass"
    ],
    "3,4": [
      "grass"
    ],
    "3,5": [
      "grass"
    ],
    "3,6": [
      "grass"
    ],
    "3,7": [
      "grass"
    ],
    "3,8": [
      "grass"
    ],
    "3,9": [
      "grass"
    ],
    "3,10": [
      "grass"
    ],
    "4,1": [
      "grass"
    ],
    "4,2": [
      "grass"
    ],
    "4,3": [
      "grass"
    ],
    "4,4": [
      "grass"
    ],
    "4,5": [
      "grass"
    ],
    "4,6": [
      "grass"
    ],
    "4,7": [
      "grass"
    ],
    "4,8": [
      "grass"
    ],
    "4,9": [
      "grass"
    ],
    "4,10": [
      "grass"
    ],
    "5,1": [
      "grass"
    ],
    "5,2": [
      "grass"
    ],
    "5,3": [
      "grass"
    ],
    "5,4": [
      "grass"
    ],
    "5,5": [
      "grass"
    ],
    "5,6": [
      "grass"
    ],
    "5,7": [
      "grass"
    ],
    "5,8": [
      "grass"
    ],
    "5,9": [
      "grass"
    ],
    "5,10": [
      "grass"
    ],
    "6,1": [
      "grass"
    ],
    "6,2": [
      "grass"
    ],
    "6,3": [
      "grass"
    ],
    "6,4": [
      "grass"
    ],
    "6,5": [
      "grass"
    ],
    "6,6": [
      "grass"
    ],
    "6,7": [
      "grass"
    ],
    "6,8": [
      "grass"
    ],
    "6,9": [
      "grass"
    ],
    "6,10": [
      "grass"
    ],
    "7,1": [
      "grass"
    ],
    "7,2": [
      "grass"
    ],
    "7,3": [
      "grass"
    ],
    "7,4": [
      "grass"
    ],
    "7,5": [
      "grass"
    ],
    "7,6": [
      "grass"
    ],
    "7,7": [
      "grass"
    ],
    "7,8": [
      "grass"
    ],
    "7,9": [
      "grass"
    ],
    "7,10": [
      "grass"
    ],
    "8,1": [
      "grass"
    ],
    "8,2": [
      "grass"
    ],
    "8,3": [
      "grass"
    ],
    "8,4": [
      "grass"
    ],
    "8,5": [
      "grass"
    ],
    "8,6": [
      "grass"
    ],
    "8,7": [
      "grass"
    ],
    "8,8": [
      "grass"
    ],
    "8,9": [
      "grass"
    ],
    "8,10": [
      "grass"
    ],
    "9,1": [
      "grass"
    ],
    "9,2": [
      "grass"
    ],
    "9,3": [
      "grass"
    ],
    "9,4": [
      "grass"
    ],
    "9,5": [
      "grass"
    ],
    "9,6": [
      "grass"
    ],
    "9,7": [
      "grass"
    ],
    "9,8": [
      "grass"
    ],
    "9,9": [
      "grass"
    ],
    "9,10": [
      "grass"
    ],
    "10,1": [
      "grass"
    ],
    "10,2": [
      "grass"
    ],
    "10,3": [
      "grass"
    ],
    "10,4": [
      "grass"
    ],
    "10,5": [
      "grass"
    ],
    "10,6": [
      "grass"
    ],
    "10,7": [
      "grass"
    ],
    "10,8": [
      "grass"
    ],
    "10,9": [
      "grass"
    ],
    "10,10": [
      "grass"
    ]
  }
}