{
  "description": "Use a loop to walk around the edge of the world. Use the beeper Reeborg is carrying to help you determine when you are back to the start. Note that your code must also work for the Step 13b world!",
  "small_tiles": false,
  "rows": 4,
  "cols": 6,
  "robots": [
    {
      "x": 1,
      "y": 1,
      "objects": {
        "beeper": 1
      },
      "model": "classic",
      "_orientation": 0,
      "_is_leaky": true,
      "_prev_x": 1,
      "_prev_y": 1,
      "_prev_orientation": 0,
      "_trace_history": [],
      "_trace_style": "default",
      "_trace_color": "seagreen",
      "__id": 43,
      "possible_initial_positions": [
        [
          1,
          1
        ]
      ]
    }
  ],
  "tiles": {
    "1,1": [
      "pale_grass"
    ],
    "1,2": [
      "pale_grass"
    ],
    "1,3": [
      "pale_grass"
    ],
    "1,4": [
      "pale_grass"
    ],
    "2,1": [
      "pale_grass"
    ],
    "2,2": [
      "grass"
    ],
    "2,3": [
      "grass"
    ],
    "2,4": [
      "pale_grass"
    ],
    "3,1": [
      "pale_grass"
    ],
    "3,2": [
      "grass"
    ],
    "3,3": [
      "grass"
    ],
    "3,4": [
      "pale_grass"
    ],
    "4,1": [
      "pale_grass"
    ],
    "4,2": [
      "grass"
    ],
    "4,3": [
      "grass"
    ],
    "4,4": [
      "pale_grass"
    ],
    "5,1": [
      "pale_grass"
    ],
    "5,2": [
      "grass"
    ],
    "5,3": [
      "grass"
    ],
    "5,4": [
      "pale_grass"
    ],
    "6,1": [
      "pale_grass"
    ],
    "6,2": [
      "pale_grass"
    ],
    "6,3": [
      "pale_grass"
    ],
    "6,4": [
      "pale_grass"
    ]
  },
  "pre": "_path_followed = []\nset_trace_color(\"black\")\ndef move():\n    r = default_robot()\n    RUR._move_()\n    _path_followed.append((r.body.x, r.body.y))\n\n",
  "post": "\n\n_correct_path = [(2,1), (3,1), (4,1), (5,1), (6,1),\n                (6,2), (6,3), (6,4),\n                (5,4), (4,4), (3,4), (2,4), (1,4),\n                (1,3), (1,2), (1,1)]\n\nif _correct_path != _path_followed:\n    raise ReeborgError(\"Reeborg did not follow the required path.\")\n    \nraise ReeborgOK(\"Well done!\")"
}