{
  "robots": [
    {
      "x": 6,
      "y": 4,
      "_prev_x": 6,
      "_prev_y": 4,
      "_prev_orientation": 2,
      "objects": {},
      "_orientation": 2,
      "start_positions": [
        [
          1,
          1
        ]
      ],
      "_is_leaky": true,
      "_trace_history": [],
      "_trace_style": "default",
      "_trace_color": "seagreen",
      "__id": 11,
      "model": "classic",
      "possible_initial_positions": [
        [
          6,
          4
        ]
      ]
    }
  ],
  "walls": {
    "4,5": [
      "east"
    ],
    "4,4": [
      "east"
    ],
    "4,3": [
      "east"
    ],
    "5,2": [
      "north"
    ],
    "6,2": [
      "north"
    ],
    "7,2": [
      "north"
    ],
    "7,3": [
      "east"
    ],
    "7,4": [
      "east"
    ],
    "7,5": [
      "east"
    ],
    "7,6": [
      "east"
    ],
    "7,7": [
      "east"
    ],
    "7,8": [
      "east"
    ],
    "4,8": [
      "east"
    ],
    "4,7": [
      "east"
    ],
    "7,9": [
      "east",
      "north"
    ],
    "6,9": [
      "north"
    ],
    "5,9": [
      "north"
    ],
    "4,9": [
      "east"
    ]
  },
  "description": "Reeborg needs to go pick up the newspaper (The Star Phoenix) that is sitting outside his house. If you haven’t done it yet, define both the turn_right() and turn_around() functions in the library tab. Now use the functions defined in the library to have Reeborg pick up the newspaper, walk back into the house, and put the newspaper down. Once again, be sure to use comments and whitespace to increase the readability of your solution!",
  "small_tiles": false,
  "rows": 10,
  "cols": 10,
  "goal": {
    "objects": {
      "6,4": {
        "star": 1
      }
    },
    "possible_final_positions": [
      [
        6,
        4
      ]
    ],
    "position": {
      "image": "racing_flag",
      "x": 6,
      "y": 4
    }
  },
  "objects": {
    "3,4": {
      "star": 1
    }
  },
  "tiles": {
    "1,1": [
      "grass"
    ],
    "1,2": [
      "grass"
    ],
    "1,3": [
      "grass"
    ],
    "1,4": [
      "grass"
    ],
    "1,5": [
      "gravel"
    ],
    "1,6": [
      "gravel"
    ],
    "1,7": [
      "gravel"
    ],
    "1,8": [
      "grass"
    ],
    "1,9": [
      "grass"
    ],
    "1,10": [
      "grass"
    ],
    "2,1": [
      "grass"
    ],
    "2,2": [
      "grass"
    ],
    "2,3": [
      "grass"
    ],
    "2,4": [
      "grass"
    ],
    "2,5": [
      "gravel"
    ],
    "2,6": [
      "gravel"
    ],
    "2,7": [
      "gravel"
    ],
    "2,8": [
      "grass"
    ],
    "2,9": [
      "grass"
    ],
    "2,10": [
      "grass"
    ],
    "3,1": [
      "grass"
    ],
    "3,2": [
      "grass"
    ],
    "3,3": [
      "grass"
    ],
    "3,4": [
      "grass"
    ],
    "3,5": [
      "gravel"
    ],
    "3,6": [
      "gravel"
    ],
    "3,7": [
      "gravel"
    ],
    "3,8": [
      "grass"
    ],
    "3,9": [
      "grass"
    ],
    "3,10": [
      "grass"
    ],
    "4,1": [
      "grass"
    ],
    "4,2": [
      "grass"
    ],
    "4,3": [
      "grass"
    ],
    "4,4": [
      "grass"
    ],
    "4,5": [
      "gravel"
    ],
    "4,6": [
      "gravel"
    ],
    "4,7": [
      "gravel"
    ],
    "4,8": [
      "grass"
    ],
    "4,9": [
      "grass"
    ],
    "4,10": [
      "grass"
    ],
    "5,1": [
      "grass"
    ],
    "5,2": [
      "grass"
    ],
    "5,10": [
      "grass"
    ],
    "6,1": [
      "grass"
    ],
    "6,2": [
      "grass"
    ],
    "6,10": [
      "grass"
    ],
    "7,1": [
      "grass"
    ],
    "7,2": [
      "grass"
    ],
    "7,10": [
      "grass"
    ],
    "8,1": [
      "grass"
    ],
    "8,2": [
      "grass"
    ],
    "8,3": [
      "grass"
    ],
    "8,4": [
      "grass"
    ],
    "8,5": [
      "grass"
    ],
    "8,6": [
      "grass"
    ],
    "8,7": [
      "grass"
    ],
    "8,8": [
      "grass"
    ],
    "8,9": [
      "grass"
    ],
    "8,10": [
      "grass"
    ],
    "9,1": [
      "grass"
    ],
    "9,2": [
      "grass"
    ],
    "9,3": [
      "grass"
    ],
    "9,4": [
      "grass"
    ],
    "9,5": [
      "grass"
    ],
    "9,6": [
      "grass"
    ],
    "9,7": [
      "grass"
    ],
    "9,8": [
      "grass"
    ],
    "9,9": [
      "grass"
    ],
    "9,10": [
      "grass"
    ],
    "10,1": [
      "grass"
    ],
    "10,2": [
      "grass"
    ],
    "10,3": [
      "grass"
    ],
    "10,4": [
      "grass"
    ],
    "10,5": [
      "grass"
    ],
    "10,6": [
      "grass"
    ],
    "10,7": [
      "grass"
    ],
    "10,8": [
      "grass"
    ],
    "10,9": [
      "grass"
    ],
    "10,10": [
      "grass"
    ]
  }
}