{
  "robots": [
    {
      "x": 1,
      "y": 5,
      "_prev_x": 1,
      "_prev_y": 5,
      "_prev_orientation": 0,
      "objects": {},
      "_orientation": 0,
      "start_positions": [
        [
          1,
          1
        ]
      ],
      "_is_leaky": true,
      "_trace_history": [],
      "_trace_style": "default",
      "_trace_color": "seagreen",
      "__id": 10,
      "model": "classic",
      "possible_initial_positions": [
        [
          1,
          5
        ]
      ]
    }
  ],
  "description": "Use the functions we’ve learned about so far to make Reeborg walk down the gravel path, picking up dandelions as he finds them, and depositing them in the conveniently placed garbage cans (represented by greyscale dandelion images). Use the pause function to have Reeborg wait at each location he finds a dandelion to pick. Be sure to use comments and whitespace to increase the readability of your solution!",
  "small_tiles": false,
  "rows": 10,
  "cols": 10,
  "goal": {
    "objects": {
      "8,7": {
        "dandelion": 1
      },
      "3,5": {},
      "4,2": {},
      "6,2": {
        "dandelion": 1
      }
    },
    "possible_final_positions": [
      [
        6,
        1
      ]
    ],
    "position": {
      "image": "racing_flag",
      "x": 6,
      "y": 1
    }
  },
  "walls": {
    "2,5": [
      "north"
    ],
    "2,4": [
      "north"
    ],
    "3,4": [
      "north"
    ],
    "3,5": [
      "north"
    ],
    "3,6": [
      "east"
    ],
    "3,7": [
      "east"
    ],
    "4,7": [
      "north"
    ],
    "5,7": [
      "north"
    ],
    "4,4": [
      "north"
    ],
    "7,4": [
      "north"
    ],
    "8,4": [
      "north"
    ],
    "8,5": [
      "east"
    ],
    "8,6": [
      "east"
    ],
    "8,7": [
      "east",
      "north"
    ],
    "7,7": [
      "north"
    ],
    "6,7": [
      "north"
    ],
    "4,6": [
      "east"
    ],
    "5,6": [
      "north"
    ],
    "6,6": [
      "north"
    ],
    "7,6": [
      "north",
      "east"
    ],
    "7,5": [
      "north"
    ],
    "5,5": [
      "east"
    ],
    "6,5": [
      "north"
    ],
    "4,5": [
      "east"
    ],
    "5,4": [
      "east"
    ],
    "6,4": [
      "east"
    ],
    "5,3": [
      "east"
    ],
    "6,3": [
      "east"
    ],
    "6,2": [
      "east"
    ],
    "5,2": [
      "east"
    ]
  },
  "objects": {
    "3,5": {},
    "8,5": {
      "dandelion": 1
    },
    "4,7": {
      "dandelion": 1
    }
  },
  "tiles": {
    "1,1": [
      "grass"
    ],
    "1,2": [
      "grass"
    ],
    "1,3": [
      "grass"
    ],
    "1,4": [
      "grass"
    ],
    "1,5": [
      "grass"
    ],
    "1,6": [
      "grass"
    ],
    "1,7": [
      "grass"
    ],
    "1,8": [
      "grass"
    ],
    "1,9": [
      "grass"
    ],
    "1,10": [
      "grass"
    ],
    "2,1": [
      "grass"
    ],
    "2,2": [
      "grass"
    ],
    "2,3": [
      "grass"
    ],
    "2,4": [
      "grass"
    ],
    "2,5": [
      "gravel"
    ],
    "2,6": [
      "grass"
    ],
    "2,7": [
      "grass"
    ],
    "2,8": [
      "grass"
    ],
    "2,9": [
      "grass"
    ],
    "2,10": [
      "grass"
    ],
    "3,1": [
      "grass"
    ],
    "3,2": [
      "grass"
    ],
    "3,3": [
      "grass"
    ],
    "3,4": [
      "grass"
    ],
    "3,5": [
      "gravel"
    ],
    "3,6": [
      "grass"
    ],
    "3,7": [
      "grass"
    ],
    "3,8": [
      "grass"
    ],
    "3,9": [
      "grass"
    ],
    "3,10": [
      "grass"
    ],
    "4,1": [
      "grass"
    ],
    "4,2": [
      "grass"
    ],
    "4,3": [
      "grass"
    ],
    "4,4": [
      "grass"
    ],
    "4,5": [
      "gravel"
    ],
    "4,6": [
      "gravel"
    ],
    "4,7": [
      "gravel"
    ],
    "4,8": [
      "grass"
    ],
    "4,9": [
      "grass"
    ],
    "4,10": [
      "grass"
    ],
    "5,1": [
      "grass"
    ],
    "5,2": [
      "grass"
    ],
    "5,3": [
      "grass"
    ],
    "5,4": [
      "grass"
    ],
    "5,5": [
      "grass"
    ],
    "5,6": [
      "grass"
    ],
    "5,7": [
      "gravel"
    ],
    "5,8": [
      "grass"
    ],
    "5,9": [
      "grass"
    ],
    "5,10": [
      "grass"
    ],
    "6,1": [
      "gravel"
    ],
    "6,2": [
      "gravel"
    ],
    "6,3": [
      "gravel"
    ],
    "6,4": [
      "gravel"
    ],
    "6,5": [
      "gravel"
    ],
    "6,6": [
      "grass"
    ],
    "6,7": [
      "gravel"
    ],
    "6,8": [
      "grass"
    ],
    "6,9": [
      "grass"
    ],
    "6,10": [
      "grass"
    ],
    "7,1": [
      "grass"
    ],
    "7,2": [
      "grass"
    ],
    "7,3": [
      "grass"
    ],
    "7,4": [
      "grass"
    ],
    "7,5": [
      "gravel"
    ],
    "7,6": [
      "grass"
    ],
    "7,7": [
      "gravel"
    ],
    "7,8": [
      "grass"
    ],
    "7,9": [
      "grass"
    ],
    "7,10": [
      "grass"
    ],
    "8,1": [
      "grass"
    ],
    "8,2": [
      "grass"
    ],
    "8,3": [
      "grass"
    ],
    "8,4": [
      "grass"
    ],
    "8,5": [
      "gravel"
    ],
    "8,6": [
      "gravel"
    ],
    "8,7": [
      "gravel"
    ],
    "8,8": [
      "grass"
    ],
    "8,9": [
      "grass"
    ],
    "8,10": [
      "grass"
    ],
    "9,1": [
      "grass"
    ],
    "9,2": [
      "grass"
    ],
    "9,3": [
      "grass"
    ],
    "9,4": [
      "grass"
    ],
    "9,5": [
      "grass"
    ],
    "9,6": [
      "grass"
    ],
    "9,7": [
      "grass"
    ],
    "9,8": [
      "grass"
    ],
    "9,9": [
      "grass"
    ],
    "9,10": [
      "grass"
    ],
    "10,1": [
      "grass"
    ],
    "10,2": [
      "grass"
    ],
    "10,3": [
      "grass"
    ],
    "10,4": [
      "grass"
    ],
    "10,5": [
      "grass"
    ],
    "10,6": [
      "grass"
    ],
    "10,7": [
      "grass"
    ],
    "10,8": [
      "grass"
    ],
    "10,9": [
      "grass"
    ],
    "10,10": [
      "grass"
    ]
  }
}