{
  "description": "Use a loop to walk around the edge of the world. Use the star Reeborg is carrying to help you determine when you are back to the start. Note that your code must also work for the Step 13a world!",
  "small_tiles": false,
  "rows": 12,
  "cols": 14,
  "robots": [
    {
      "x": 1,
      "y": 1,
      "objects": {
        "star": 1
      },
      "model": "classic",
      "_orientation": 0,
      "_is_leaky": true,
      "_prev_x": 1,
      "_prev_y": 1,
      "_prev_orientation": 0,
      "_trace_history": [],
      "_trace_style": "default",
      "_trace_color": "seagreen",
      "__id": 14,
      "possible_initial_positions": [
        [
          1,
          1
        ]
      ]
    }
  ]
}