{
  "robots": [
    {
      "x": 1,
      "y": 1,
      "objects": {
        "token": "infinite"
      },
      "_orientation": 0,
      "_is_leaky": true,
      "_prev_x": 1,
      "_prev_y": 1,
      "_prev_orientation": 0,
      "_trace_history": [],
      "_trace_style": "default",
      "_trace_color": "seagreen",
      "__id": 11,
      "model": "classic",
      "possible_initial_positions": [
        [
          1,
          1
        ]
      ]
    }
  ],
  "small_tiles": false,
  "rows": 12,
  "cols": 14,
  "goal": {
    "possible_final_positions": [
      [
        12,
        1
      ]
    ],
    "position": {
      "image": "racing_flag",
      "x": 12,
      "y": 1
    }
  },
  "description": "Reeborg is jumping hurdles again. This time, however, the hurdles may not all be the same distance apart. You should use a repeat loop to have Reeborg jump the hurdles, and end at the goal (12, 1). You must use an if/elif/else structure in your program.",
  "walls": {},
  "pre": "think(0)\nimport random\nfor x in range(1,13):\n    if random.randint(0,100) < 50:\n        RUR.add_wall(\"east\", x, 1)\nthink(500)"
}