{
  "description": "Reeborg is standing by the door to the house, sees a storm coming, and decides to close all of the windows in the house. First, Reeborg ``put``s down a star where it is standing (so that it can tell when it gets back to the door). Then Reeborg will walk around the house, closing any open windows it finds. We will represent the window closing by Reeborg putting a star down at an open window (represented by wall openings). Reeborg loves storms, so after closing all the windows, it will step outside to watch the storm. Note: Since the windows are in different places in each world, be sure that your solution does not hard code a number of steps to get to a window. Instead, Reeborg must check for an open window as it walks around the inside of the house. The program you write to solve the problem above must also be able work on the second test world, which is Step 14b on the Reeborg website .",
  "small_tiles": false,
  "rows": 8,
  "cols": 12,
  "walls": {
    "2,4": [
      "east"
    ],
    "2,3": [
      "east"
    ],
    "3,2": [
      "north"
    ],
    "5,2": [
      "north"
    ],
    "7,2": [
      "north"
    ],
    "6,2": [
      "north"
    ],
    "9,2": [
      "north"
    ],
    "9,3": [
      "east"
    ],
    "9,4": [
      "east"
    ],
    "9,6": [
      "east"
    ],
    "9,7": [
      "east",
      "north"
    ],
    "7,7": [
      "north"
    ],
    "6,7": [
      "north"
    ],
    "4,7": [
      "north"
    ],
    "3,7": [
      "north"
    ],
    "2,7": [
      "east"
    ],
    "2,6": [
      "east"
    ]
  },
  "robots": [
    {
      "x": 3,
      "y": 5,
      "objects": {
        "star": 500
      },
      "model": "classic",
      "_orientation": 2,
      "_is_leaky": true,
      "_prev_x": 3,
      "_prev_y": 5,
      "_prev_orientation": 2,
      "_trace_history": [],
      "_trace_style": "default",
      "_trace_color": "seagreen",
      "__id": 2,
      "possible_initial_positions": [
        [
          3,
          5
        ]
      ]
    }
  ],
  "goal": {
    "possible_final_positions": [
      [
        2,
        5
      ]
    ],
    "position": {
      "image": "racing_flag",
      "x": 2,
      "y": 5
    },
    "objects": {
      "4,3": {
        "star": 1
      },
      "8,3": {
        "star": 1
      },
      "9,5": {
        "star": 1
      },
      "8,7": {
        "star": 1
      },
      "5,7": {
        "star": 1
      }
    }
  },
  "tiles": {
    "1,1": [
      "mud"
    ],
    "1,2": [
      "mud"
    ],
    "1,3": [
      "mud"
    ],
    "1,4": [
      "mud"
    ],
    "1,5": [
      "gravel"
    ],
    "1,6": [
      "mud"
    ],
    "1,7": [
      "mud"
    ],
    "1,8": [
      "mud"
    ],
    "2,1": [
      "mud"
    ],
    "2,2": [
      "mud"
    ],
    "2,3": [
      "mud"
    ],
    "2,4": [
      "mud"
    ],
    "2,5": [
      "gravel"
    ],
    "2,6": [
      "mud"
    ],
    "2,7": [
      "mud"
    ],
    "2,8": [
      "mud"
    ],
    "3,1": [
      "mud"
    ],
    "3,2": [
      "mud"
    ],
    "3,3": [
      "gravel"
    ],
    "3,4": [
      "gravel"
    ],
    "3,5": [
      "gravel"
    ],
    "3,6": [
      "gravel"
    ],
    "3,7": [
      "gravel"
    ],
    "3,8": [
      "mud"
    ],
    "4,1": [
      "mud"
    ],
    "4,2": [
      "mud"
    ],
    "4,3": [
      "gravel"
    ],
    "4,4": [
      "gravel"
    ],
    "4,5": [
      "gravel"
    ],
    "4,6": [
      "gravel"
    ],
    "4,7": [
      "gravel"
    ],
    "4,8": [
      "mud"
    ],
    "5,1": [
      "mud"
    ],
    "5,2": [
      "mud"
    ],
    "5,3": [
      "gravel"
    ],
    "5,4": [
      "gravel"
    ],
    "5,5": [
      "gravel"
    ],
    "5,6": [
      "gravel"
    ],
    "5,7": [
      "gravel"
    ],
    "5,8": [
      "mud"
    ],
    "6,1": [
      "mud"
    ],
    "6,2": [
      "mud"
    ],
    "6,3": [
      "gravel"
    ],
    "6,4": [
      "gravel"
    ],
    "6,6": [
      "gravel"
    ],
    "6,7": [
      "gravel"
    ],
    "6,8": [
      "mud"
    ],
    "7,1": [
      "mud"
    ],
    "7,2": [
      "mud"
    ],
    "7,3": [
      "gravel"
    ],
    "7,4": [
      "gravel"
    ],
    "7,5": [
      "gravel"
    ],
    "7,6": [
      "gravel"
    ],
    "7,7": [
      "gravel"
    ],
    "7,8": [
      "mud"
    ],
    "8,1": [
      "mud"
    ],
    "8,2": [
      "mud"
    ],
    "8,3": [
      "gravel"
    ],
    "8,4": [
      "gravel"
    ],
    "8,5": [
      "gravel"
    ],
    "8,6": [
      "gravel"
    ],
    "8,7": [
      "gravel"
    ],
    "8,8": [
      "mud"
    ],
    "9,1": [
      "mud"
    ],
    "9,2": [
      "mud"
    ],
    "9,3": [
      "gravel"
    ],
    "9,4": [
      "gravel"
    ],
    "9,5": [
      "gravel"
    ],
    "9,6": [
      "gravel"
    ],
    "9,7": [
      "gravel"
    ],
    "9,8": [
      "mud"
    ],
    "10,1": [
      "mud"
    ],
    "10,2": [
      "mud"
    ],
    "10,3": [
      "mud"
    ],
    "10,4": [
      "mud"
    ],
    "10,5": [
      "mud"
    ],
    "10,6": [
      "mud"
    ],
    "10,7": [
      "mud"
    ],
    "10,8": [
      "mud"
    ],
    "11,1": [
      "mud"
    ],
    "11,2": [
      "mud"
    ],
    "11,3": [
      "mud"
    ],
    "11,4": [
      "mud"
    ],
    "11,5": [
      "mud"
    ],
    "11,6": [
      "mud"
    ],
    "11,7": [
      "mud"
    ],
    "11,8": [
      "mud"
    ],
    "12,1": [
      "mud"
    ],
    "12,2": [
      "mud"
    ],
    "12,3": [
      "mud"
    ],
    "12,4": [
      "mud"
    ],
    "12,5": [
      "mud"
    ],
    "12,6": [
      "mud"
    ],
    "12,7": [
      "mud"
    ],
    "12,8": [
      "mud"
    ],
    "6,5": [
      "gravel"
    ]
  },
  "pre": "think(0)\nimport random\n\nworld_choice = random.randint(0,100)\noptions = {\"goal\": True}\n\ndef move_window(wall_dir, x, y, newX, newY):\n    #remove\n    RUR.add_wall(wall_dir, x, y)\n    RUR.remove_object(\"star\", x, y, options)\n    \n    #add\n    RUR.remove_wall(wall_dir, newX, newY)\n    RUR.add_object(\"star\", newX, newY, options)\n\nif world_choice > 66:\n    #generate different version...\n    move_window(\"south\", 4, 3, 5, 3)\n    move_window(\"south\", 8, 3, 7, 3)\n    move_window(\"east\", 9, 5, 9, 4)\n    move_window(\"north\", 8, 7, 7, 7)\n    move_window(\"north\", 5, 7, 4, 7)\nelif world_choice > 33:\n    #generate different version...\n    move_window(\"south\", 4, 3, 6, 3)\n    move_window(\"east\", 9, 5, 9, 6)\n    move_window(\"north\", 5, 7, 6, 7)\n    \nthink(500)    \n    \n"
}