{
  "description": "Try to adapt the solution for the basic world to also work with this new lake. Reeborg should once again put down the banana at the starting position and continue walking along the border of the lake until it finds the banana again. Staying along the wall will be trickier this time, but that’s the challenge! Note: Your solution for the Extra for Experts world should also work in the basic (Step 14a) world!",
  "small_tiles": false,
  "rows": 12,
  "cols": 14,
  "robots": [
    {
      "x": 1,
      "y": 1,
      "objects": {
        "banana": 1
      },
      "model": "classic",
      "_orientation": 0,
      "_is_leaky": true,
      "_prev_x": 1,
      "_prev_y": 1,
      "_prev_orientation": 0,
      "_trace_history": [],
      "_trace_style": "default",
      "_trace_color": "seagreen",
      "__id": 18,
      "possible_initial_positions": [
        [
          1,
          1
        ]
      ]
    }
  ],
  "walls": {
    "8,1": [
      "east"
    ],
    "8,2": [
      "east"
    ],
    "8,3": [
      "east",
      "north"
    ],
    "7,3": [
      "north"
    ],
    "6,3": [
      "north"
    ],
    "5,3": [
      "north"
    ],
    "4,3": [
      "north"
    ],
    "3,4": [
      "east"
    ],
    "3,5": [
      "east"
    ],
    "4,5": [
      "north"
    ],
    "5,5": [
      "north"
    ],
    "6,5": [
      "north"
    ],
    "7,5": [
      "north"
    ],
    "8,5": [
      "north"
    ],
    "9,5": [
      "north",
      "east"
    ],
    "9,4": [
      "east"
    ],
    "9,3": [
      "east"
    ],
    "10,2": [
      "north"
    ],
    "11,2": [
      "north"
    ],
    "12,2": [
      "north"
    ],
    "13,2": [
      "north"
    ],
    "13,3": [
      "east"
    ],
    "13,4": [
      "east"
    ],
    "13,5": [
      "east"
    ],
    "13,6": [
      "east"
    ],
    "13,7": [
      "east"
    ],
    "13,8": [
      "east"
    ],
    "8,8": [
      "north"
    ],
    "5,9": [
      "east"
    ],
    "5,10": [
      "east",
      "north"
    ],
    "4,10": [
      "north"
    ],
    "3,10": [
      "north"
    ],
    "2,10": [
      "north"
    ],
    "1,10": [
      "north"
    ],
    "13,9": [
      "east",
      "north"
    ],
    "12,9": [
      "north"
    ],
    "11,9": [
      "north"
    ],
    "10,9": [
      "north"
    ],
    "9,9": [
      "north"
    ],
    "8,9": [
      "east"
    ],
    "6,8": [
      "north"
    ],
    "7,8": [
      "north"
    ]
  },
  "tiles": {
    "1,1": [
      "grass"
    ],
    "1,2": [
      "grass"
    ],
    "1,3": [
      "grass"
    ],
    "1,4": [
      "grass"
    ],
    "1,5": [
      "grass"
    ],
    "1,6": [
      "grass"
    ],
    "1,7": [
      "grass"
    ],
    "1,8": [
      "grass"
    ],
    "1,9": [
      "grass"
    ],
    "1,10": [
      "grass"
    ],
    "1,11": [
      "gravel"
    ],
    "1,12": [
      "gravel"
    ],
    "2,1": [
      "grass"
    ],
    "2,2": [
      "water"
    ],
    "2,3": [
      "water"
    ],
    "2,4": [
      "water"
    ],
    "2,5": [
      "water"
    ],
    "2,6": [
      "water"
    ],
    "2,7": [
      "water"
    ],
    "2,8": [
      "water"
    ],
    "2,9": [
      "water"
    ],
    "2,10": [
      "grass"
    ],
    "2,11": [
      "gravel"
    ],
    "2,12": [
      "gravel"
    ],
    "3,1": [
      "grass"
    ],
    "3,2": [
      "water"
    ],
    "3,3": [
      "grass"
    ],
    "3,4": [
      "grass"
    ],
    "3,5": [
      "grass"
    ],
    "3,6": [
      "grass"
    ],
    "3,7": [
      "water"
    ],
    "3,8": [
      "water"
    ],
    "3,9": [
      "water"
    ],
    "3,10": [
      "grass"
    ],
    "3,11": [
      "gravel"
    ],
    "3,12": [
      "gravel"
    ],
    "4,1": [
      "grass"
    ],
    "4,2": [
      "water"
    ],
    "4,3": [
      "grass"
    ],
    "4,4": [
      "gravel"
    ],
    "4,5": [
      "gravel"
    ],
    "4,6": [
      "grass"
    ],
    "4,7": [
      "water"
    ],
    "4,8": [
      "water"
    ],
    "4,9": [
      "water"
    ],
    "4,10": [
      "grass"
    ],
    "4,11": [
      "gravel"
    ],
    "4,12": [
      "gravel"
    ],
    "5,1": [
      "grass"
    ],
    "5,2": [
      "water"
    ],
    "5,3": [
      "grass"
    ],
    "5,4": [
      "gravel"
    ],
    "5,5": [
      "gravel"
    ],
    "5,6": [
      "grass"
    ],
    "5,7": [
      "water"
    ],
    "5,8": [
      "grass"
    ],
    "5,9": [
      "grass"
    ],
    "5,10": [
      "grass"
    ],
    "5,11": [
      "gravel"
    ],
    "5,12": [
      "gravel"
    ],
    "6,1": [
      "grass"
    ],
    "6,2": [
      "water"
    ],
    "6,3": [
      "grass"
    ],
    "6,4": [
      "gravel"
    ],
    "6,5": [
      "gravel"
    ],
    "6,6": [
      "grass"
    ],
    "6,7": [
      "water"
    ],
    "6,8": [
      "grass"
    ],
    "6,9": [
      "gravel"
    ],
    "6,10": [
      "gravel"
    ],
    "6,11": [
      "gravel"
    ],
    "6,12": [
      "gravel"
    ],
    "7,1": [
      "grass"
    ],
    "7,2": [
      "water"
    ],
    "7,4": [
      "gravel"
    ],
    "7,5": [
      "gravel"
    ],
    "7,6": [
      "grass"
    ],
    "7,7": [
      "water"
    ],
    "7,8": [
      "grass"
    ],
    "7,9": [
      "gravel"
    ],
    "7,10": [
      "gravel"
    ],
    "7,11": [
      "gravel"
    ],
    "7,12": [
      "gravel"
    ],
    "8,1": [
      "grass"
    ],
    "8,2": [
      "grass"
    ],
    "8,3": [
      "grass"
    ],
    "8,4": [
      "gravel"
    ],
    "8,5": [
      "gravel"
    ],
    "8,6": [
      "grass"
    ],
    "8,7": [
      "water"
    ],
    "8,8": [
      "grass"
    ],
    "8,9": [
      "gravel"
    ],
    "8,10": [
      "gravel"
    ],
    "8,11": [
      "gravel"
    ],
    "8,12": [
      "gravel"
    ],
    "9,1": [
      "gravel"
    ],
    "9,3": [
      "gravel"
    ],
    "9,4": [
      "gravel"
    ],
    "9,6": [
      "grass"
    ],
    "9,7": [
      "water"
    ],
    "9,8": [
      "grass"
    ],
    "9,9": [
      "grass"
    ],
    "9,10": [
      "gravel"
    ],
    "9,11": [
      "gravel"
    ],
    "9,12": [
      "gravel"
    ],
    "10,1": [
      "gravel"
    ],
    "10,2": [
      "gravel"
    ],
    "10,3": [
      "grass"
    ],
    "10,4": [
      "grass"
    ],
    "10,5": [
      "grass"
    ],
    "10,6": [
      "grass"
    ],
    "10,7": [
      "water"
    ],
    "10,8": [
      "water"
    ],
    "10,9": [
      "grass"
    ],
    "10,10": [
      "gravel"
    ],
    "10,11": [
      "gravel"
    ],
    "10,12": [
      "gravel"
    ],
    "11,1": [
      "gravel"
    ],
    "11,2": [
      "gravel"
    ],
    "11,3": [
      "grass"
    ],
    "11,4": [
      "water"
    ],
    "11,5": [
      "water"
    ],
    "11,6": [
      "water"
    ],
    "11,7": [
      "water"
    ],
    "11,8": [
      "water"
    ],
    "11,9": [
      "grass"
    ],
    "11,10": [
      "gravel"
    ],
    "11,11": [
      "gravel"
    ],
    "11,12": [
      "gravel"
    ],
    "12,1": [
      "gravel"
    ],
    "12,2": [
      "gravel"
    ],
    "12,3": [
      "grass"
    ],
    "12,4": [
      "water"
    ],
    "12,5": [
      "water"
    ],
    "12,6": [
      "water"
    ],
    "12,7": [
      "water"
    ],
    "12,8": [
      "water"
    ],
    "12,9": [
      "grass"
    ],
    "12,10": [
      "gravel"
    ],
    "12,11": [
      "gravel"
    ],
    "12,12": [
      "gravel"
    ],
    "13,1": [
      "gravel"
    ],
    "13,2": [
      "gravel"
    ],
    "13,3": [
      "grass"
    ],
    "13,4": [
      "grass"
    ],
    "13,5": [
      "grass"
    ],
    "13,6": [
      "grass"
    ],
    "13,7": [
      "grass"
    ],
    "13,8": [
      "grass"
    ],
    "13,9": [
      "grass"
    ],
    "13,10": [
      "gravel"
    ],
    "13,11": [
      "gravel"
    ],
    "13,12": [
      "gravel"
    ],
    "14,1": [
      "gravel"
    ],
    "14,2": [
      "gravel"
    ],
    "14,3": [
      "gravel"
    ],
    "14,4": [
      "gravel"
    ],
    "14,5": [
      "gravel"
    ],
    "14,6": [
      "gravel"
    ],
    "14,7": [
      "gravel"
    ],
    "14,8": [
      "gravel"
    ],
    "14,9": [
      "gravel"
    ],
    "14,10": [
      "gravel"
    ],
    "14,11": [
      "gravel"
    ],
    "14,12": [
      "gravel"
    ],
    "7,3": [
      "grass"
    ],
    "9,5": [
      "gravel"
    ],
    "9,2": [
      "gravel"
    ]
  }
}