{
  "robots": [
    {
      "x": 2,
      "y": 4,
      "objects": {},
      "model": "classic",
      "_orientation": 0,
      "_is_leaky": true,
      "_prev_x": 2,
      "_prev_y": 4,
      "_prev_orientation": 0,
      "_trace_history": [],
      "_trace_style": "default",
      "_trace_color": "seagreen",
      "__id": 2,
      "possible_initial_positions": [
        [
          2,
          4
        ]
      ]
    }
  ],
  "walls": {
    "2,3": [
      "north"
    ],
    "2,4": [
      "east"
    ],
    "1,4": [
      "east"
    ],
    "1,5": [
      "east"
    ],
    "1,6": [
      "east"
    ],
    "2,6": [
      "north"
    ],
    "2,5": [
      "east"
    ],
    "3,5": [
      "east",
      "north"
    ],
    "3,6": [
      "north"
    ],
    "4,6": [
      "east",
      "north"
    ],
    "4,5": [
      "east"
    ],
    "4,4": [
      "east"
    ],
    "3,4": [
      "east"
    ],
    "3,3": [
      "east"
    ],
    "3,2": [
      "east"
    ],
    "4,1": [
      "north"
    ],
    "4,3": [
      "east"
    ],
    "5,2": [
      "north"
    ],
    "5,1": [
      "north"
    ],
    "6,1": [
      "north"
    ],
    "6,2": [
      "east"
    ],
    "6,3": [
      "east"
    ],
    "5,3": [
      "east"
    ],
    "5,4": [
      "east"
    ],
    "5,5": [
      "east"
    ],
    "6,5": [
      "north"
    ],
    "7,5": [
      "east",
      "north"
    ],
    "6,4": [
      "east"
    ],
    "7,4": [
      "north"
    ]
  },
  "description": "Create a turn_right() function and use it to walk along the path.",
  "small_tiles": false,
  "rows": 10,
  "cols": 10,
  "goal": {
    "possible_final_positions": [
      [
        7,
        5
      ]
    ],
    "position": {
      "image": "racing_flag",
      "x": 7,
      "y": 5
    }
  },
  "tiles": {
    "1,1": [
      "grass"
    ],
    "1,2": [
      "grass"
    ],
    "1,3": [
      "grass"
    ],
    "1,4": [
      "grass"
    ],
    "1,5": [
      "grass"
    ],
    "1,6": [
      "grass"
    ],
    "1,7": [
      "grass"
    ],
    "1,8": [
      "grass"
    ],
    "1,9": [
      "grass"
    ],
    "1,10": [
      "grass"
    ],
    "2,1": [
      "grass"
    ],
    "2,2": [
      "grass"
    ],
    "2,3": [
      "grass"
    ],
    "2,4": [
      "gravel"
    ],
    "2,5": [
      "gravel"
    ],
    "2,6": [
      "gravel"
    ],
    "2,7": [
      "grass"
    ],
    "2,8": [
      "grass"
    ],
    "2,9": [
      "grass"
    ],
    "2,10": [
      "grass"
    ],
    "3,1": [
      "grass"
    ],
    "3,2": [
      "grass"
    ],
    "3,3": [
      "grass"
    ],
    "3,4": [
      "grass"
    ],
    "3,5": [
      "grass"
    ],
    "3,6": [
      "gravel"
    ],
    "3,7": [
      "grass"
    ],
    "3,8": [
      "grass"
    ],
    "3,9": [
      "grass"
    ],
    "3,10": [
      "grass"
    ],
    "4,1": [
      "grass"
    ],
    "4,2": [
      "gravel"
    ],
    "4,3": [
      "gravel"
    ],
    "4,4": [
      "gravel"
    ],
    "4,5": [
      "gravel"
    ],
    "4,6": [
      "gravel"
    ],
    "4,7": [
      "grass"
    ],
    "4,8": [
      "grass"
    ],
    "4,9": [
      "grass"
    ],
    "4,10": [
      "grass"
    ],
    "5,1": [
      "grass"
    ],
    "5,2": [
      "gravel"
    ],
    "5,3": [
      "grass"
    ],
    "5,4": [
      "grass"
    ],
    "5,5": [
      "grass"
    ],
    "5,6": [
      "grass"
    ],
    "5,7": [
      "grass"
    ],
    "5,8": [
      "grass"
    ],
    "5,9": [
      "grass"
    ],
    "5,10": [
      "grass"
    ],
    "6,1": [
      "grass"
    ],
    "6,2": [
      "gravel"
    ],
    "6,3": [
      "gravel"
    ],
    "6,4": [
      "gravel"
    ],
    "6,5": [
      "gravel"
    ],
    "6,6": [
      "grass"
    ],
    "6,7": [
      "grass"
    ],
    "6,8": [
      "grass"
    ],
    "6,9": [
      "grass"
    ],
    "6,10": [
      "grass"
    ],
    "7,1": [
      "grass"
    ],
    "7,2": [
      "grass"
    ],
    "7,3": [
      "grass"
    ],
    "7,4": [
      "grass"
    ],
    "7,5": [
      "gravel"
    ],
    "7,6": [
      "grass"
    ],
    "7,7": [
      "grass"
    ],
    "7,8": [
      "grass"
    ],
    "7,9": [
      "grass"
    ],
    "7,10": [
      "grass"
    ],
    "8,1": [
      "grass"
    ],
    "8,2": [
      "grass"
    ],
    "8,3": [
      "grass"
    ],
    "8,4": [
      "grass"
    ],
    "8,5": [
      "grass"
    ],
    "8,6": [
      "grass"
    ],
    "8,7": [
      "grass"
    ],
    "8,8": [
      "grass"
    ],
    "8,9": [
      "grass"
    ],
    "8,10": [
      "grass"
    ],
    "9,1": [
      "grass"
    ],
    "9,2": [
      "grass"
    ],
    "9,3": [
      "grass"
    ],
    "9,4": [
      "grass"
    ],
    "9,5": [
      "grass"
    ],
    "9,6": [
      "grass"
    ],
    "9,7": [
      "grass"
    ],
    "9,8": [
      "grass"
    ],
    "9,9": [
      "grass"
    ],
    "9,10": [
      "grass"
    ],
    "10,1": [
      "grass"
    ],
    "10,2": [
      "grass"
    ],
    "10,3": [
      "grass"
    ],
    "10,4": [
      "grass"
    ],
    "10,5": [
      "grass"
    ],
    "10,6": [
      "grass"
    ],
    "10,7": [
      "grass"
    ],
    "10,8": [
      "grass"
    ],
    "10,9": [
      "grass"
    ],
    "10,10": [
      "grass"
    ]
  }
}